{"0": 1371.5097182194606, "0.01": 1371.0091229268696, "0.05": 1366.7849040233336, "0.1": 1361.758081094676, "0.5": 1343.7034191492728}