{"0": 8.70921394736063, "0.01": 8.272318169512593, "0.05": 6.836347107797638, "0.1": 7.134479119516504, "0.5": 9.834099676531409}