{"0": 2785.6218216630045, "0.01": 2871.777660551893, "0.05": 3268.1242239469634, "0.1": 3316.2296259594355, "0.5": 3951.307880700442}